{"cameraMode":{"drawMode":0,"name":"Shaded","section":"Shading Mode"},"sceneLighting":false,"audioPlay":false,"sceneViewState":{"m_AlwaysRefresh":false,"showFog":true,"showSkybox":false,"showFlares":true,"showImageEffects":true,"showParticleSystems":true,"showVisualEffectGraphs":true,"m_FxEnabled":true},"in2DMode":false,"pivot":{"x":-60.99848937988281,"y":1.5363693237304688,"z":43.400001525878909},"rotation":{"x":0.16701991856098176,"y":-0.20540976524353028,"z":0.03560147061944008,"w":0.9636898040771484},"size":48.85057067871094,"orthographic":false}