{"cameraMode":{"drawMode":0,"name":"Shaded","section":"Shading Mode"},"sceneLighting":false,"audioPlay":false,"sceneViewState":{"m_AlwaysRefresh":false,"showFog":true,"showSkybox":false,"showFlares":true,"showImageEffects":true,"showParticleSystems":true,"showVisualEffectGraphs":true,"m_FxEnabled":true},"in2DMode":false,"pivot":{"x":0.5344738960266113,"y":0.8765026926994324,"z":0.5865458250045776},"rotation":{"x":0.1962171345949173,"y":0.009865270927548409,"z":-0.0019069368718191982,"w":0.9810004830360413},"size":1.645697832107544,"orthographic":false}