{"cameraMode":{"drawMode":0,"name":"Shaded","section":"Shading Mode"},"sceneLighting":true,"audioPlay":false,"sceneViewState":{"m_AlwaysRefresh":false,"showFog":true,"showSkybox":true,"showFlares":true,"showImageEffects":true,"showParticleSystems":true,"showVisualEffectGraphs":true,"m_FxEnabled":true},"in2DMode":false,"pivot":{"x":-19.356779098510743,"y":19.304393768310548,"z":103.36222839355469},"rotation":{"x":-0.6831752061843872,"y":0.07380031794309616,"z":-0.07624667882919312,"w":-0.7231341600418091},"size":69.47390747070313,"orthographic":false}