{"cameraMode":{"drawMode":0,"name":"Shaded","section":"Shading Mode"},"sceneLighting":true,"audioPlay":false,"sceneViewState":{"m_AlwaysRefresh":false,"showFog":true,"showSkybox":true,"showFlares":true,"showImageEffects":true,"showParticleSystems":true,"showVisualEffectGraphs":true,"m_FxEnabled":true},"in2DMode":false,"pivot":{"x":0.5414800047874451,"y":8.356453895568848,"z":92.33727264404297},"rotation":{"x":-0.09667515754699707,"y":0.08156611025333405,"z":-0.012582209892570973,"w":-0.9923442602157593},"size":21.55979347229004,"orthographic":false}