{"cameraMode":{"drawMode":0,"name":"Shaded","section":"Shading Mode"},"sceneLighting":false,"audioPlay":false,"sceneViewState":{"m_AlwaysRefresh":false,"showFog":true,"showSkybox":false,"showFlares":true,"showImageEffects":true,"showParticleSystems":true,"showVisualEffectGraphs":true,"m_FxEnabled":true},"in2DMode":false,"pivot":{"x":0.27793630957603457,"y":2.6876871585845949,"z":-0.24724456667900086},"rotation":{"x":-0.027946343645453454,"y":0.6988188624382019,"z":-0.02465791255235672,"w":-0.7150221467018127},"size":5.24894905090332,"orthographic":false}